<?xml version="1.0"?>
<projectProfile type="default" version="1.10">
  <projectDirectory>
    <projectProfileFile filesystemName=".zfproject.xml"/>
    <applicationDirectory classNamePrefix="Application_">
      <apisDirectory enabled="false"/>
      <configsDirectory>
        <applicationConfigFile type="ini"/>
      </configsDirectory>
      <controllersDirectory>
        <controllerFile controllerName="Index">
          <actionMethod actionName="index"/>
        </controllerFile>
        <controllerFile controllerName="Error"/>
        <controllerFile controllerName="Guestbook">
          <actionMethod actionName="index"/>
          <actionMethod actionName="sign"/>
        </controllerFile>
        <controllerFile controllerName="Authentication">
          <actionMethod actionName="index"/>
          <actionMethod actionName="login"/>
          <actionMethod actionName="loginout"/>
        </controllerFile>
        <controllerFile controllerName="Article">
          <actionMethod actionName="index"/>
          <actionMethod actionName="add"/>
          <actionMethod actionName="edit"/>
          <actionMethod actionName="list"/>
          <actionMethod actionName="display"/>
        </controllerFile>
        <controllerFile controllerName="Contact">
          <actionMethod actionName="index"/>
        </controllerFile>
        <controllerFile controllerName="Portfolio">
          <actionMethod actionName="index"/>
          <actionMethod actionName="add"/>
          <actionMethod actionName="edit"/>
          <actionMethod actionName="list"/>
        </controllerFile>
        <controllerFile controllerName="User">
          <actionMethod actionName="index"/>
          <actionMethod actionName="create"/>
          <actionMethod actionName="list"/>
          <actionMethod actionName="update"/>
          <actionMethod actionName="password"/>
          <actionMethod actionName="login"/>
        </controllerFile>
      </controllersDirectory>
      <formsDirectory>
        <formFile formName="Guestbook"/>
        <formFile formName="Contact"/>
      </formsDirectory>
      <layoutsDirectory enabled="false"/>
      <modelsDirectory/>
      <modulesDirectory enabled="false"/>
      <viewsDirectory>
        <viewScriptsDirectory>
          <viewControllerScriptsDirectory forControllerName="Index">
            <viewScriptFile forActionName="index"/>
          </viewControllerScriptsDirectory>
          <viewControllerScriptsDirectory forControllerName="Error">
            <viewScriptFile forActionName="error"/>
          </viewControllerScriptsDirectory>
          <viewControllerScriptsDirectory forControllerName="Guestbook">
            <viewScriptFile forActionName="index"/>
          </viewControllerScriptsDirectory>
          <viewControllerScriptsDirectory forControllerName="Guestbook">
            <viewScriptFile forActionName="sign"/>
          </viewControllerScriptsDirectory>
          <viewControllerScriptsDirectory forControllerName="Authentication">
            <viewScriptFile forActionName="index"/>
          </viewControllerScriptsDirectory>
          <viewControllerScriptsDirectory forControllerName="Authentication">
            <viewScriptFile forActionName="login"/>
          </viewControllerScriptsDirectory>
          <viewControllerScriptsDirectory forControllerName="Authentication">
            <viewScriptFile forActionName="loginout"/>
          </viewControllerScriptsDirectory>
          <viewControllerScriptsDirectory forControllerName="Article">
            <viewScriptFile forActionName="index"/>
          </viewControllerScriptsDirectory>
          <viewControllerScriptsDirectory forControllerName="Article">
            <viewScriptFile forActionName="add"/>
          </viewControllerScriptsDirectory>
          <viewControllerScriptsDirectory forControllerName="Article">
            <viewScriptFile forActionName="edit"/>
          </viewControllerScriptsDirectory>
          <viewControllerScriptsDirectory forControllerName="Article">
            <viewScriptFile forActionName="list"/>
          </viewControllerScriptsDirectory>
          <viewControllerScriptsDirectory forControllerName="Article">
            <viewScriptFile forActionName="display"/>
          </viewControllerScriptsDirectory>
          <viewControllerScriptsDirectory forControllerName="Contact">
            <viewScriptFile forActionName="index"/>
          </viewControllerScriptsDirectory>
          <viewControllerScriptsDirectory forControllerName="Portfolio">
            <viewScriptFile forActionName="index"/>
          </viewControllerScriptsDirectory>
          <viewControllerScriptsDirectory forControllerName="Portfolio">
            <viewScriptFile forActionName="add"/>
          </viewControllerScriptsDirectory>
          <viewControllerScriptsDirectory forControllerName="Portfolio">
            <viewScriptFile forActionName="edit"/>
          </viewControllerScriptsDirectory>
          <viewControllerScriptsDirectory forControllerName="Portfolio">
            <viewScriptFile forActionName="list"/>
          </viewControllerScriptsDirectory>
          <viewControllerScriptsDirectory forControllerName="User">
            <viewScriptFile forActionName="index"/>
          </viewControllerScriptsDirectory>
          <viewControllerScriptsDirectory forControllerName="User">
            <viewScriptFile forActionName="create"/>
          </viewControllerScriptsDirectory>
          <viewControllerScriptsDirectory forControllerName="User">
            <viewScriptFile forActionName="list"/>
          </viewControllerScriptsDirectory>
          <viewControllerScriptsDirectory forControllerName="User">
            <viewScriptFile forActionName="update"/>
          </viewControllerScriptsDirectory>
          <viewControllerScriptsDirectory forControllerName="User">
            <viewScriptFile forActionName="password"/>
          </viewControllerScriptsDirectory>
          <viewControllerScriptsDirectory forControllerName="User">
            <viewScriptFile forActionName="login"/>
          </viewControllerScriptsDirectory>
        </viewScriptsDirectory>
        <viewHelpersDirectory/>
        <viewFiltersDirectory enabled="false"/>
      </viewsDirectory>
      <bootstrapFile filesystemName="Bootstrap.php"/>
    </applicationDirectory>
    <dataDirectory enabled="false">
      <cacheDirectory enabled="false"/>
      <searchIndexesDirectory enabled="false"/>
      <localesDirectory enabled="false"/>
      <logsDirectory enabled="false"/>
      <sessionsDirectory enabled="false"/>
      <uploadsDirectory enabled="false"/>
    </dataDirectory>
    <docsDirectory>
      <file filesystemName="README.txt"/>
    </docsDirectory>
    <libraryDirectory>
      <zfStandardLibraryDirectory enabled="false"/>
    </libraryDirectory>
    <publicDirectory>
      <publicStylesheetsDirectory enabled="false"/>
      <publicScriptsDirectory enabled="false"/>
      <publicImagesDirectory enabled="false"/>
      <publicIndexFile filesystemName="index.php"/>
      <htaccessFile filesystemName=".htaccess"/>
    </publicDirectory>
    <projectProvidersDirectory enabled="false"/>
    <temporaryDirectory enabled="false"/>
    <testsDirectory>
      <testPHPUnitConfigFile filesystemName="phpunit.xml"/>
      <testApplicationDirectory>
        <testApplicationBootstrapFile filesystemName="bootstrap.php"/>
        <testApplicationControllerDirectory>
          <testApplicationControllerFile/>
          <testApplicationControllerFile/>
          <testApplicationControllerFile/>
          <testApplicationControllerFile/>
          <testApplicationControllerFile/>
          <testApplicationControllerFile forControllerName="User">
            <testApplicationActionMethod forActionName="index"/>
            <testApplicationActionMethod forActionName="create"/>
            <testApplicationActionMethod forActionName="list"/>
            <testApplicationActionMethod forActionName="update"/>
            <testApplicationActionMethod forActionName="password"/>
            <testApplicationActionMethod forActionName="login"/>
          </testApplicationControllerFile>
        </testApplicationControllerDirectory>
      </testApplicationDirectory>
      <testLibraryDirectory>
        <testLibraryBootstrapFile filesystemName="bootstrap.php"/>
      </testLibraryDirectory>
    </testsDirectory>
  </projectDirectory>
</projectProfile>
